[
    {
      "revId": 1,
      "name": "Limo",
      "cubicle": "100",
      "sdate": "10/29/21",
      "edate": "10/31/21",
      "atime": "1800 hrs",
      "dtime": "1500 hrs"
    },
    {
      "revId": 2,
      "name": " Trinity",
      "cubicle": "102",
      "sdate": "11/1/21",
      "edate": "11/19/21",
      "atime": "0800 hrs",
      "dtime": "1000 hrs"
    },
    {
      "revId": 3,
      "name": "Brandon",
      "cubicle": "106",
      "sdate": "09/12/21",
      "edate": "10/29/21",
      "atime": "1300 hrs",
      "dtime": "1800 hrs"
    },
    {
      "revId": 4,
      "name": "Ivan",
      "cubicle": "104",
      "sdate": "11/11/21",
      "edate": "11/29/21",
      "atime": "1100 hrs",
      "dtime": "1900 hrs"
    },
    {
      "revId": 5,
      "name": "Steven",
      "cubicle": "105",
      "sdate": "10/31/21",
      "edate": "11/2/21",
      "atime": "1600hrs",
      "dtime": "1800 hrs"
    }
  ]